{
	"credit": "Made with Blockbench",
	"textures": {
		"0": "item/void_flesh",
		"particle": "item/void_flesh"
	},
	"elements": [
		{
			"name": "void_flesh_0",
			"from": [14.5, 2, 5.5],
			"to": [15.5, 16, 7.5],
			"rotation": {"angle": 0, "axis": "y", "origin": [15, 6, 5.5]},
			"faces": {
				"north": {"uv": [8, 0, 9, 14], "texture": "#0"},
				"east": {"uv": [10, 0, 8, 14], "texture": "#0"},
				"south": {"uv": [9, 0, 10, 14], "texture": "#0"},
				"west": {"uv": [8, 0, 10, 14], "texture": "#0"},
				"up": {"uv": [8, 0, 10, 1], "rotation": 90, "texture": "#0"},
				"down": {"uv": [8, 13, 10, 14], "rotation": 270, "texture": "#0"}
			}
		},
		{
			"name": "void_flesh_1",
			"from": [14.5, 3, 2.5],
			"to": [15.5, 15, 5.5],
			"rotation": {"angle": 0, "axis": "y", "origin": [15, 6, 5.5]},
			"faces": {
				"north": {"uv": [5, 1, 6, 13], "texture": "#0"},
				"east": {"uv": [8, 1, 5, 13], "texture": "#0"},
				"south": {"uv": [7, 1, 8, 13], "texture": "#0"},
				"west": {"uv": [5, 1, 8, 13], "texture": "#0"},
				"up": {"uv": [5, 1, 8, 2], "rotation": 90, "texture": "#0"},
				"down": {"uv": [5, 12, 8, 13], "rotation": 270, "texture": "#0"}
			}
		},
		{
			"name": "void_flesh_2",
			"from": [14.5, 2, 7.5],
			"to": [15.5, 15, 8.5],
			"rotation": {"angle": 0, "axis": "y", "origin": [15, 6, 5.5]},
			"faces": {
				"north": {"uv": [10, 1, 11, 14], "texture": "#0"},
				"east": {"uv": [11, 1, 10, 14], "texture": "#0"},
				"south": {"uv": [10, 1, 11, 14], "texture": "#0"},
				"west": {"uv": [10, 1, 11, 14], "texture": "#0"},
				"up": {"uv": [10, 1, 11, 2], "rotation": 90, "texture": "#0"},
				"down": {"uv": [10, 13, 11, 14], "rotation": 270, "texture": "#0"}
			}
		},
		{
			"name": "void_flesh_3",
			"from": [14.5, 4, 1.5],
			"to": [15.5, 14, 2.5],
			"rotation": {"angle": 0, "axis": "y", "origin": [15, 6, 5.5]},
			"faces": {
				"north": {"uv": [4, 2, 5, 12], "texture": "#0"},
				"east": {"uv": [5, 2, 4, 12], "texture": "#0"},
				"south": {"uv": [4, 2, 5, 12], "texture": "#0"},
				"west": {"uv": [4, 2, 5, 12], "texture": "#0"},
				"up": {"uv": [4, 2, 5, 3], "rotation": 90, "texture": "#0"},
				"down": {"uv": [4, 11, 5, 12], "rotation": 270, "texture": "#0"}
			}
		},
		{
			"name": "void_flesh_4",
			"from": [14.5, 6, 0.5],
			"to": [15.5, 13, 1.5],
			"rotation": {"angle": 0, "axis": "y", "origin": [15, 6, 5.5]},
			"faces": {
				"north": {"uv": [3, 3, 4, 10], "texture": "#0"},
				"east": {"uv": [4, 3, 3, 10], "texture": "#0"},
				"south": {"uv": [3, 3, 4, 10], "texture": "#0"},
				"west": {"uv": [3, 3, 4, 10], "texture": "#0"},
				"up": {"uv": [3, 3, 4, 4], "rotation": 90, "texture": "#0"},
				"down": {"uv": [3, 9, 4, 10], "rotation": 270, "texture": "#0"}
			}
		},
		{
			"name": "void_flesh_5",
			"from": [14.5, 3, 8.5],
			"to": [15.5, 13, 9.5],
			"rotation": {"angle": 0, "axis": "y", "origin": [15, 6, 5.5]},
			"faces": {
				"north": {"uv": [11, 3, 12, 13], "texture": "#0"},
				"east": {"uv": [12, 3, 11, 13], "texture": "#0"},
				"south": {"uv": [11, 3, 12, 13], "texture": "#0"},
				"west": {"uv": [11, 3, 12, 13], "texture": "#0"},
				"up": {"uv": [11, 3, 12, 4], "rotation": 90, "texture": "#0"},
				"down": {"uv": [11, 12, 12, 13], "rotation": 270, "texture": "#0"}
			}
		},
		{
			"name": "void_flesh_6",
			"from": [14.5, 8, -0.5],
			"to": [15.5, 11, 0.5],
			"rotation": {"angle": 0, "axis": "y", "origin": [15, 6, 5.5]},
			"faces": {
				"north": {"uv": [2, 5, 3, 8], "texture": "#0"},
				"east": {"uv": [3, 5, 2, 8], "texture": "#0"},
				"south": {"uv": [2, 5, 3, 8], "texture": "#0"},
				"west": {"uv": [2, 5, 3, 8], "texture": "#0"},
				"up": {"uv": [2, 5, 3, 6], "rotation": 90, "texture": "#0"},
				"down": {"uv": [2, 7, 3, 8], "rotation": 270, "texture": "#0"}
			}
		},
		{
			"name": "void_flesh_7",
			"from": [14.5, 5, 9.5],
			"to": [15.5, 11, 10.5],
			"rotation": {"angle": 0, "axis": "y", "origin": [15, 6, 5.5]},
			"faces": {
				"north": {"uv": [12, 5, 13, 11], "texture": "#0"},
				"east": {"uv": [13, 5, 12, 11], "texture": "#0"},
				"south": {"uv": [12, 5, 13, 11], "texture": "#0"},
				"west": {"uv": [12, 5, 13, 11], "texture": "#0"},
				"up": {"uv": [12, 5, 13, 6], "rotation": 90, "texture": "#0"},
				"down": {"uv": [12, 10, 13, 11], "rotation": 270, "texture": "#0"}
			}
		},
		{
			"name": "void_flesh_8",
			"from": [14.5, 6, 10.5],
			"to": [15.5, 8, 11.5],
			"rotation": {"angle": 0, "axis": "y", "origin": [15, 6, 5.5]},
			"faces": {
				"north": {"uv": [13, 8, 14, 10], "texture": "#0"},
				"east": {"uv": [14, 8, 13, 10], "texture": "#0"},
				"south": {"uv": [13, 8, 14, 10], "texture": "#0"},
				"west": {"uv": [13, 8, 14, 10], "texture": "#0"},
				"up": {"uv": [13, 8, 14, 9], "rotation": 90, "texture": "#0"},
				"down": {"uv": [13, 9, 14, 10], "rotation": 270, "texture": "#0"}
			}
		},
		{
			"name": "void_flesh_9",
			"from": [14.5, 2, 4.5],
			"to": [15.5, 3, 5.5],
			"rotation": {"angle": 0, "axis": "y", "origin": [15, 6, 5.5]},
			"faces": {
				"north": {"uv": [7, 13, 8, 14], "texture": "#0"},
				"east": {"uv": [8, 13, 7, 14], "texture": "#0"},
				"south": {"uv": [7, 13, 8, 14], "texture": "#0"},
				"west": {"uv": [7, 13, 8, 14], "texture": "#0"},
				"up": {"uv": [7, 13, 8, 14], "rotation": 90, "texture": "#0"},
				"down": {"uv": [7, 13, 8, 14], "rotation": 270, "texture": "#0"}
			}
		}
	],
	"display": {
		"thirdperson_righthand": {
			"translation": [-3.25, -0.25, 0],
			"scale": [0.5, 0.5, 0.5]
		},
		"thirdperson_lefthand": {
			"translation": [3.75, -0.25, 0],
			"scale": [0.5, 0.5, 0.5]
		},
		"firstperson_lefthand": {
			"translation": [11.25, 0, 0]
		},
		"ground": {
			"translation": [-3.5, 0, 2.25],
			"scale": [0.5, 0.5, 0.5]
		},
		"gui": {
			"rotation": [0, -90, 0],
			"translation": [-2, -1.5, 0]
		},
		"fixed": {
			"rotation": [0, 90, 0],
			"translation": [3, 0, 8]
		}
	},
	"groups": [
		{
			"name": "void_flesh",
			"origin": [8, 8, 8],
			"color": 0,
			"children": [0, 1, 2, 3, 4, 5, 6, 7, 8, 9]
		}
	]
}