{
	"credit": "Made with Blockbench",
	"textures": {
		"0": "item/void_shard",
		"particle": "item/void_shard"
	},
	"elements": [
		{
			"name": "void_shard_0",
			"from": [-1, 13, 13],
			"to": [0, 14, 14],
			"rotation": {"angle": 0, "axis": "y", "origin": [-0.5, 8, 8]},
			"faces": {
				"north": {"uv": [13, 2, 14, 3], "texture": "#0"},
				"east": {"uv": [14, 2, 13, 3], "texture": "#0"},
				"south": {"uv": [13, 2, 14, 3], "texture": "#0"},
				"west": {"uv": [13, 2, 14, 3], "texture": "#0"},
				"up": {"uv": [13, 2, 14, 3], "rotation": 90, "texture": "#0"},
				"down": {"uv": [13, 2, 14, 3], "rotation": 270, "texture": "#0"}
			}
		},
		{
			"name": "void_shard_1",
			"from": [-1, 11, 11],
			"to": [0, 13, 13],
			"rotation": {"angle": 0, "axis": "y", "origin": [-0.5, 8, 8]},
			"faces": {
				"north": {"uv": [11, 3, 12, 5], "texture": "#0"},
				"east": {"uv": [13, 3, 11, 5], "texture": "#0"},
				"south": {"uv": [12, 3, 13, 5], "texture": "#0"},
				"west": {"uv": [11, 3, 13, 5], "texture": "#0"},
				"up": {"uv": [11, 3, 13, 4], "rotation": 90, "texture": "#0"},
				"down": {"uv": [11, 4, 13, 5], "rotation": 270, "texture": "#0"}
			}
		},
		{
			"name": "void_shard_2",
			"from": [-1, 7, 9],
			"to": [0, 12, 11],
			"rotation": {"angle": 0, "axis": "y", "origin": [-0.5, 8, 8]},
			"faces": {
				"north": {"uv": [9, 4, 10, 9], "texture": "#0"},
				"east": {"uv": [11, 4, 9, 9], "texture": "#0"},
				"south": {"uv": [10, 4, 11, 9], "texture": "#0"},
				"west": {"uv": [9, 4, 11, 9], "texture": "#0"},
				"up": {"uv": [9, 4, 11, 5], "rotation": 90, "texture": "#0"},
				"down": {"uv": [9, 8, 11, 9], "rotation": 270, "texture": "#0"}
			}
		},
		{
			"name": "void_shard_3",
			"from": [-1, 5, 7],
			"to": [0, 11, 9],
			"rotation": {"angle": 0, "axis": "y", "origin": [-0.5, 8, 8]},
			"faces": {
				"north": {"uv": [7, 5, 8, 11], "texture": "#0"},
				"east": {"uv": [9, 5, 7, 11], "texture": "#0"},
				"south": {"uv": [8, 5, 9, 11], "texture": "#0"},
				"west": {"uv": [7, 5, 9, 11], "texture": "#0"},
				"up": {"uv": [7, 5, 9, 6], "rotation": 90, "texture": "#0"},
				"down": {"uv": [7, 10, 9, 11], "rotation": 270, "texture": "#0"}
			}
		},
		{
			"name": "void_shard_4",
			"from": [-1, 9, 11],
			"to": [0, 11, 12],
			"rotation": {"angle": 0, "axis": "y", "origin": [-0.5, 8, 8]},
			"faces": {
				"north": {"uv": [11, 5, 12, 7], "texture": "#0"},
				"east": {"uv": [12, 5, 11, 7], "texture": "#0"},
				"south": {"uv": [11, 5, 12, 7], "texture": "#0"},
				"west": {"uv": [11, 5, 12, 7], "texture": "#0"},
				"up": {"uv": [11, 5, 12, 6], "rotation": 90, "texture": "#0"},
				"down": {"uv": [11, 6, 12, 7], "rotation": 270, "texture": "#0"}
			}
		},
		{
			"name": "void_shard_5",
			"from": [-1, 4, 6],
			"to": [0, 10, 7],
			"rotation": {"angle": 0, "axis": "y", "origin": [-0.5, 8, 8]},
			"faces": {
				"north": {"uv": [6, 6, 7, 12], "texture": "#0"},
				"east": {"uv": [7, 6, 6, 12], "texture": "#0"},
				"south": {"uv": [6, 6, 7, 12], "texture": "#0"},
				"west": {"uv": [6, 6, 7, 12], "texture": "#0"},
				"up": {"uv": [6, 6, 7, 7], "rotation": 90, "texture": "#0"},
				"down": {"uv": [6, 11, 7, 12], "rotation": 270, "texture": "#0"}
			}
		},
		{
			"name": "void_shard_6",
			"from": [-1, 4, 5],
			"to": [0, 9, 6],
			"rotation": {"angle": 0, "axis": "y", "origin": [-0.5, 8, 8]},
			"faces": {
				"north": {"uv": [5, 7, 6, 12], "texture": "#0"},
				"east": {"uv": [6, 7, 5, 12], "texture": "#0"},
				"south": {"uv": [5, 7, 6, 12], "texture": "#0"},
				"west": {"uv": [5, 7, 6, 12], "texture": "#0"},
				"up": {"uv": [5, 7, 6, 8], "rotation": 90, "texture": "#0"},
				"down": {"uv": [5, 11, 6, 12], "rotation": 270, "texture": "#0"}
			}
		},
		{
			"name": "void_shard_7",
			"from": [-1, 3, 4],
			"to": [0, 7, 5],
			"rotation": {"angle": 0, "axis": "y", "origin": [-0.5, 8, 8]},
			"faces": {
				"north": {"uv": [4, 9, 5, 13], "texture": "#0"},
				"east": {"uv": [5, 9, 4, 13], "texture": "#0"},
				"south": {"uv": [4, 9, 5, 13], "texture": "#0"},
				"west": {"uv": [4, 9, 5, 13], "texture": "#0"},
				"up": {"uv": [4, 9, 5, 10], "rotation": 90, "texture": "#0"},
				"down": {"uv": [4, 12, 5, 13], "rotation": 270, "texture": "#0"}
			}
		},
		{
			"name": "void_shard_8",
			"from": [-1, 6, 9],
			"to": [0, 7, 10],
			"rotation": {"angle": 0, "axis": "y", "origin": [-0.5, 8, 8]},
			"faces": {
				"north": {"uv": [9, 9, 10, 10], "texture": "#0"},
				"east": {"uv": [10, 9, 9, 10], "texture": "#0"},
				"south": {"uv": [9, 9, 10, 10], "texture": "#0"},
				"west": {"uv": [9, 9, 10, 10], "texture": "#0"},
				"up": {"uv": [9, 9, 10, 10], "rotation": 90, "texture": "#0"},
				"down": {"uv": [9, 9, 10, 10], "rotation": 270, "texture": "#0"}
			}
		},
		{
			"name": "void_shard_9",
			"from": [-1, 3, 3],
			"to": [0, 5, 4],
			"rotation": {"angle": 0, "axis": "y", "origin": [-0.5, 8, 8]},
			"faces": {
				"north": {"uv": [3, 11, 4, 13], "texture": "#0"},
				"east": {"uv": [4, 11, 3, 13], "texture": "#0"},
				"south": {"uv": [3, 11, 4, 13], "texture": "#0"},
				"west": {"uv": [3, 11, 4, 13], "texture": "#0"},
				"up": {"uv": [3, 11, 4, 12], "rotation": 90, "texture": "#0"},
				"down": {"uv": [3, 12, 4, 13], "rotation": 270, "texture": "#0"}
			}
		},
		{
			"name": "void_shard_10",
			"from": [-1, 2, 2],
			"to": [0, 3, 3],
			"rotation": {"angle": 0, "axis": "y", "origin": [-0.5, 8, 8]},
			"faces": {
				"north": {"uv": [2, 13, 3, 14], "texture": "#0"},
				"east": {"uv": [3, 13, 2, 14], "texture": "#0"},
				"south": {"uv": [2, 13, 3, 14], "texture": "#0"},
				"west": {"uv": [2, 13, 3, 14], "texture": "#0"},
				"up": {"uv": [2, 13, 3, 14], "rotation": 90, "texture": "#0"},
				"down": {"uv": [2, 13, 3, 14], "rotation": 270, "texture": "#0"}
			}
		}
	],
	"display": {
		"thirdperson_righthand": {
			"translation": [4.5, 0, 0],
			"scale": [0.5, 0.5, 0.5]
		},
		"thirdperson_lefthand": {
			"translation": [-4, 0, 0],
			"scale": [0.5, 0.5, 0.5]
		},
		"firstperson_righthand": {
			"translation": [7.75, 0, -1.5],
			"scale": [0.5, 0.5, 0.5]
		},
		"firstperson_lefthand": {
			"translation": [1, 0, -1.5],
			"scale": [0.5, 0.5, 0.5]
		},
		"ground": {
			"translation": [5, 0.5, 0],
			"scale": [0.5, 0.5, 0.5]
		},
		"gui": {
			"rotation": [0, 90, 0],
			"translation": [0, 0, 80]
		},
		"fixed": {
			"rotation": [0, -90, 0],
			"translation": [0, 0, 9]
		}
	},
	"groups": [
		{
			"name": "void_shard",
			"origin": [8, 8, 8],
			"color": 0,
			"children": [0, 1, 2, 3, 4, 5, 6, 7, 8, 9, 10]
		}
	]
}